{
  "mean": [
    0.08695652173913043,
    2.3043478260869565,
    0.4739130434782608,
    2.260869565217391,
    0.34782608695652173,
    0.9130434782608695
  ],
  "scale": [
    0.18951734537133363,
    1.158514138649933,
    0.22109881974071516,
    2.1713027807276126,
    0.47628048478710105,
    0.2817713347133852
  ],
  "support_vectors": [
    [
      -0.4588314677411235,
      -1.1258799375612023,
      1.4748471154398053,
      0.34040873587189124,
      1.369306393762915,
      0.308606699924184
    ],
    [
      -0.4588314677411235,
      -1.1258799375612023,
      1.4748471154398053,
      -0.12014425971949091,
      1.369306393762915,
      0.308606699924184
    ],
    [
      -0.4588314677411235,
      -1.1258799375612023,
      0.5702742179700581,
      1.7220677226460377,
      1.369306393762915,
      0.308606699924184
    ],
    [
      -0.4588314677411235,
      0.6004693000326412,
      -0.33429867949968867,
      -0.5806972553108731,
      -0.7302967433402213,
      0.308606699924184
    ],
    [
      -0.4588314677411235,
      1.463643918829563,
      1.4748471154398053,
      0.8009617314632734,
      -0.7302967433402213,
      -3.2403703492039297
    ],
    [
      -0.4588314677411235,
      0.6004693000326412,
      1.4748471154398053,
      0.34040873587189124,
      -0.7302967433402213,
      -3.2403703492039297
    ],
    [
      -0.4588314677411235,
      1.463643918829563,
      0.5702742179700581,
      1.7220677226460377,
      -0.7302967433402213,
      0.308606699924184
    ],
    [
      -0.4588314677411235,
      1.463643918829563,
      1.0225606667049314,
      1.2615147270546556,
      -0.7302967433402213,
      0.308606699924184
    ],
    [
      2.179449471770337,
      -0.26270531876428055,
      0.11798776923518471,
      -0.12014425971949091,
      -0.7302967433402213,
      0.308606699924184
    ],
    [
      -0.4588314677411235,
      -1.1258799375612023,
      -1.2388715769694356,
      -1.0412502509022552,
      1.369306393762915,
      0.308606699924184
    ],
    [
      -0.4588314677411235,
      -1.1258799375612023,
      -1.2388715769694356,
      -1.0412502509022552,
      1.369306393762915,
      0.308606699924184
    ],
    [
      -0.4588314677411235,
      0.6004693000326412,
      -0.33429867949968867,
      -0.5806972553108731,
      -0.7302967433402213,
      0.308606699924184
    ],
    [
      -0.4588314677411235,
      1.463643918829563,
      -1.2388715769694356,
      -1.0412502509022552,
      -0.7302967433402213,
      0.308606699924184
    ],
    [
      -0.4588314677411235,
      -1.1258799375612023,
      -0.33429867949968867,
      -0.5806972553108731,
      1.369306393762915,
      0.308606699924184
    ],
    [
      -0.4588314677411235,
      0.6004693000326412,
      -0.33429867949968867,
      -1.0412502509022552,
      -0.7302967433402213,
      0.308606699924184
    ]
  ],
  "dual_coef": [
    [
      -0.018830803763000666,
      -0.8846153846153846,
      -0.49125934086967427,
      -0.8846153846153846,
      -0.18455697756276257,
      -0.3332584673601857,
      -0.16909775723866555,
      -0.5605699994469142,
      -0.8207074003547666,
      0.0007820782857653614,
      0.5394615840054955,
      1.15,
      0.7559134964678993,
      1.15,
      0.7513543570675789
    ]
  ],
  "intercept": [
    -0.482540305745601
  ],
  "gamma": 0.1666666666666667
}